{"schemaVersion":"1.0","appDefinitionTemplate":{"id":"/providers/Microsoft.PowerApps/apps/","type":"Microsoft.PowerApps/apps","tags":{"primaryDeviceWidth":"1366","primaryDeviceHeight":"768","sienaVersion":"20210421T162229Z-3.21041.29.0","deviceCapabilities":"","supportsPortrait":"false","supportsLandscape":"true","primaryFormFactor":"Tablet","publisherVersion":"3.21041.29","minimumRequiredApiVersion":"2.2.0","hasComponent":"false","hasUnlockedComponent":"false","isUnifiedRootApp":"false"},"properties":{"appVersion":"2021-04-21T16:22:29Z","lifeCycleId":"Published","createdByClientVersion":{"major":3,"minor":21041,"build":29,"revision":0,"majorRevision":0,"minorRevision":0},"minClientVersion":{"major":3,"minor":21041,"build":29,"revision":0,"majorRevision":0,"minorRevision":0},"backgroundColor":"rgba(0, 176, 240, 1)","backgroundImageUri":"/6221505743574276445/N99f76d49-1114-4f9f-aa2c-dd184fdf0761-logoSmallFile","displayName":"Text tagbox","description":"","commitMessage":"","appUris":{"documentUri":{"value":"/6221505743574276445/N9f63ec05-b772-4c5a-9f3f-92c7c8f617b3-document.msapp"},"imageUris":[]},"createdTime":"0001-01-01T00:00:00Z","lastModifiedTime":"0001-01-01T00:00:00Z","sharedGroupsCount":0,"sharedUsersCount":0,"icons":{"smallIconUri":"/6221505743574276445/Na6a29226-95f9-459a-a42b-119157d06376-small.png","mediumIconUri":"/6221505743574276445/Nc955d3c6-4c67-4b18-9bdb-f8a10e1c8363-medium.png","largeIconUri":"/6221505743574276445/Nf6709a1c-9a6d-4530-b6d2-94fcc7bba641-large.png","wideIconUri":"/6221505743574276445/Nf82d3559-4309-456c-989d-9ee8c1ecc487-wide.png"},"connectionReferences":{},"databaseReferences":{},"almMode":"Solution","performanceOptimizationEnabled":true,"canConsumeAppPass":true,"executionRestrictions":{"isTeamsOnly":false,"dataLossPreventionEvaluationResult":{"status":"Compliant","lastEvaluationDate":"2021-04-21T16:21:43.961814Z","violationDetails":[]}}},"isAppComponentLibrary":false,"appType":"ClassicCanvasApp","appComponents":[]}}